,model,acc_mean,acc_std,auc_mean,auc_std
0,tabpfn,0.7106775447167045,0.16736594720110126,0.7069827436995327,0.1474996854779418
1,rf_base,0.7097596728509692,0.16803833019298142,0.7042507956600748,0.15123738094528114
2,rf_aug,0.7086969230389306,0.16868557033275486,0.6938368251746027,0.1502817171201312
3,rf_aug_conf,0.6846878524352608,0.1736417811656615,0.7113759891598197,0.14381967822701644
4,mlp_base,0.5719532048847557,0.1814291417144895,0.5882444914461347,0.13161068238887352
5,mlp_aug,0.6031924868949079,0.1939203147046647,0.5895961271264045,0.1436204371641875
6,mlp_aug_conf,0.5797021568451171,0.18756778566182108,0.5889029664028016,0.13038985478525228
7,mlp_soft,0.5558240361536874,0.17089523094679968,0.5639993871713493,0.11059181578917812
