,model,acc_mean,acc_std,auc_mean,auc_std
0,tabpfn,0.8153123412147085,0.1509384166723491,0.8314144985055962,0.1512524952121902
1,rf_base,0.7925719131660435,0.15637209205146027,0.8073741905857361,0.15248813137830433
2,rf_aug,0.7965717393377144,0.1547176488241332,0.8006689174714395,0.158114247138059
3,rf_aug_conf,0.7876473889448682,0.1624541867847675,0.797629763810307,0.161331330343074
4,mlp_base,0.6667877726206303,0.20558651886554807,0.6734730661079911,0.1690298055900521
5,mlp_aug,0.7184339084246777,0.1911957848181852,0.7036242782101807,0.18917069450873178
6,mlp_aug_conf,0.6957471009405372,0.1947104528062765,0.6705908529496556,0.2025540172234809
7,mlp_soft,0.6761398205789129,0.1990408045971547,0.6825700076435016,0.15216738948148253
