,model,acc_mean,acc_std,auc_mean,auc_std
0,tabpfn,0.6622524520765116,0.12693074651544062,0.6979724333787777,0.14774214504557806
1,rf_base,0.677373099729306,0.11861332228536049,0.6950916375337973,0.14200548729784535
2,rf_aug,0.6762029966769254,0.11675932888242528,0.6801253356419418,0.13528031747892663
3,rf_aug_conf,,,,
4,mlp_base,0.5651794887185476,0.13818919052389894,0.5661193453008796,0.12407729817355409
5,mlp_aug,0.5957195144320517,0.13668121145217002,0.567301260023079,0.13154135933981506
6,mlp_aug_conf,,,,
7,mlp_soft,0.5223458084084418,0.11030989737086068,0.5451084451131233,0.09189194991043483
