,model,acc_mean,acc_std,auc_mean,auc_std
0,xgboost,0.8229939749846573,0.14455589576937264,0.8412898098421369,0.138256378000459
